FLASH_WHITE0_BLACK0	Colors	DInt	0	
FLASH_WHITE0_BLACK1	Colors	DInt	1	
FLASH_WHITE0_BLACK2	Colors	DInt	2	
FLASH_WHITE1_BLACK0	Colors	DInt	3	
FLASH_WHITE1_BLACK1	Colors	DInt	4	
FLASH_WHITE1_BLACK2	Colors	DInt	5	
FLASH_WHITE2_BLACK0	Colors	DInt	6	
FLASH_WHITE2_BLACK1	Colors	DInt	7	
FLASH_WHITE2_BLACK2	Colors	DInt	8	
WHITE0_BLACK0	Colors	DInt	9	
WHITE0_BLACK1	Colors	DInt	10	
WHITE0_BLACK2	Colors	DInt	11	
WHITE1_BLACK0	Colors	DInt	12	
WHITE1_BLACK1	Colors	DInt	13	
WHITE1_BLACK2	Colors	DInt	14	
WHITE2_BLACK0	Colors	DInt	15	
WHITE2_BLACK1	Colors	DInt	16	
WHITE2_BLACK2	Colors	DInt	17	
FLASH_WHITE0_RED0	Colors	DInt	18	
FLASH_WHITE0_RED1	Colors	DInt	19	
FLASH_WHITE0_RED2	Colors	DInt	20	
FLASH_WHITE1_RED0	Colors	DInt	21	
FLASH_WHITE1_RED1	Colors	DInt	22	
FLASH_WHITE1_RED2	Colors	DInt	23	
FLASH_WHITE2_RED0	Colors	DInt	24	
FLASH_WHITE2_RED1	Colors	DInt	25	
FLASH_WHITE2_RED2	Colors	DInt	26	
WHITE0_RED0	Colors	DInt	27	
WHITE0_RED1	Colors	DInt	28	
WHITE0_RED2	Colors	DInt	29	
WHITE1_RED0	Colors	DInt	30	
WHITE1_RED1	Colors	DInt	31	
WHITE1_RED2	Colors	DInt	32	
WHITE2_RED0	Colors	DInt	33	
WHITE2_RED1	Colors	DInt	34	
WHITE2_RED2	Colors	DInt	35	
FLASH_WHITE0_YELLOW0	Colors	DInt	36	
FLASH_WHITE0_YELLOW1	Colors	DInt	37	
FLASH_WHITE0_YELLOW2	Colors	DInt	38	
FLASH_WHITE1_YELLOW0	Colors	DInt	39	
FLASH_WHITE1_YELLOW1	Colors	DInt	40	
FLASH_WHITE1_YELLOW2	Colors	DInt	41	
FLASH_WHITE2_YELLOW0	Colors	DInt	42	
FLASH_WHITE2_YELLOW1	Colors	DInt	43	
FLASH_WHITE2_YELLOW2	Colors	DInt	44	
WHITE0_YELLOW0	Colors	DInt	45	
WHITE0_YELLOW1	Colors	DInt	46	
WHITE0_YELLOW2	Colors	DInt	47	
WHITE1_YELLOW0	Colors	DInt	48	
WHITE1_YELLOW1	Colors	DInt	49	
WHITE1_YELLOW2	Colors	DInt	50	
WHITE2_YELLOW0	Colors	DInt	51	
WHITE2_YELLOW1	Colors	DInt	52	
WHITE2_YELLOW2	Colors	DInt	53	
FLASH_WHITE0_GREEN0	Colors	DInt	54	
FLASH_WHITE0_GREEN1	Colors	DInt	55	
FLASH_WHITE0_GREEN2	Colors	DInt	56	
FLASH_WHITE1_GREEN0	Colors	DInt	57	
FLASH_WHITE1_GREEN1	Colors	DInt	58	
FLASH_WHITE1_GREEN2	Colors	DInt	59	
FLASH_WHITE2_GREEN0	Colors	DInt	60	
FLASH_WHITE2_GREEN1	Colors	DInt	61	
FLASH_WHITE2_GREEN2	Colors	DInt	62	
WHITE0_GREEN0	Colors	DInt	63	
WHITE0_GREEN1	Colors	DInt	64	
WHITE0_GREEN2	Colors	DInt	65	
WHITE1_GREEN0	Colors	DInt	66	
WHITE1_GREEN1	Colors	DInt	67	
WHITE1_GREEN2	Colors	DInt	68	
WHITE2_GREEN0	Colors	DInt	69	
WHITE2_GREEN1	Colors	DInt	70	
WHITE2_GREEN2	Colors	DInt	71	
FLASH_WHITE0_TEAL0	Colors	DInt	72	
FLASH_WHITE0_TEAL1	Colors	DInt	73	
FLASH_WHITE0_TEAL2	Colors	DInt	74	
FLASH_WHITE1_TEAL0	Colors	DInt	75	
FLASH_WHITE1_TEAL1	Colors	DInt	76	
FLASH_WHITE1_TEAL2	Colors	DInt	77	
FLASH_WHITE2_TEAL0	Colors	DInt	78	
FLASH_WHITE2_TEAL1	Colors	DInt	79	
FLASH_WHITE2_TEAL2	Colors	DInt	80	
WHITE0_TEAL0	Colors	DInt	81	
WHITE0_TEAL1	Colors	DInt	82	
WHITE0_TEAL2	Colors	DInt	83	
WHITE1_TEAL0	Colors	DInt	84	
WHITE1_TEAL1	Colors	DInt	85	
WHITE1_TEAL2	Colors	DInt	86	
WHITE2_TEAL0	Colors	DInt	87	
WHITE2_TEAL1	Colors	DInt	88	
WHITE2_TEAL2	Colors	DInt	89	
FLASH_WHITE0_BLUE0	Colors	DInt	90	
FLASH_WHITE0_BLUE1	Colors	DInt	91	
FLASH_WHITE0_BLUE2	Colors	DInt	92	
FLASH_WHITE1_BLUE0	Colors	DInt	93	
FLASH_WHITE1_BLUE1	Colors	DInt	94	
FLASH_WHITE1_BLUE2	Colors	DInt	95	
FLASH_WHITE2_BLUE0	Colors	DInt	96	
FLASH_WHITE2_BLUE1	Colors	DInt	97	
FLASH_WHITE2_BLUE2	Colors	DInt	98	
WHITE0_BLUE0	Colors	DInt	99	
WHITE0_BLUE1	Colors	DInt	100	
WHITE0_BLUE2	Colors	DInt	101	
WHITE1_BLUE0	Colors	DInt	102	
WHITE1_BLUE1	Colors	DInt	103	
WHITE1_BLUE2	Colors	DInt	104	
WHITE2_BLUE0	Colors	DInt	105	
WHITE2_BLUE1	Colors	DInt	106	
WHITE2_BLUE2	Colors	DInt	107	
FLASH_WHITE0_PURPLE0	Colors	DInt	108	
FLASH_WHITE0_PURPLE1	Colors	DInt	109	
FLASH_WHITE0_PURPLE2	Colors	DInt	110	
FLASH_WHITE1_PURPLE0	Colors	DInt	111	
FLASH_WHITE1_PURPLE1	Colors	DInt	112	
FLASH_WHITE1_PURPLE2	Colors	DInt	113	
FLASH_WHITE2_PURPLE0	Colors	DInt	114	
FLASH_WHITE2_PURPLE1	Colors	DInt	115	
FLASH_WHITE2_PURPLE2	Colors	DInt	116	
WHITE0_PURPLE0	Colors	DInt	117	
WHITE0_PURPLE1	Colors	DInt	118	
WHITE0_PURPLE2	Colors	DInt	119	
WHITE1_PURPLE0	Colors	DInt	120	
WHITE1_PURPLE1	Colors	DInt	121	
WHITE1_PURPLE2	Colors	DInt	122	
WHITE2_PURPLE0	Colors	DInt	123	
WHITE2_PURPLE1	Colors	DInt	124	
WHITE2_PURPLE2	Colors	DInt	125	
BLACK0_WHITE0	Colors	DInt	126	
BLACK0_WHITE1	Colors	DInt	127	
BLACK0_WHITE2	Colors	DInt	128	
BLACK1_WHITE0	Colors	DInt	129	
BLACK1_WHITE1	Colors	DInt	130	
BLACK1_WHITE2	Colors	DInt	131	
BLACK2_WHITE0	Colors	DInt	132	
BLACK2_WHITE1	Colors	DInt	133	
BLACK2_WHITE2	Colors	DInt	134	
FLASH_BLACK0_RED0	Colors	DInt	135	
FLASH_BLACK0_RED1	Colors	DInt	136	
FLASH_BLACK0_RED2	Colors	DInt	137	
FLASH_BLACK1_RED0	Colors	DInt	138	
FLASH_BLACK1_RED1	Colors	DInt	139	
FLASH_BLACK1_RED2	Colors	DInt	140	
FLASH_BLACK2_RED0	Colors	DInt	141	
FLASH_BLACK2_RED1	Colors	DInt	142	
FLASH_BLACK2_RED2	Colors	DInt	143	
BLACK0_RED0	Colors	DInt	144	
BLACK0_RED1	Colors	DInt	145	
BLACK0_RED2	Colors	DInt	146	
BLACK1_RED0	Colors	DInt	147	
BLACK1_RED1	Colors	DInt	148	
BLACK1_RED2	Colors	DInt	149	
BLACK2_RED0	Colors	DInt	150	
BLACK2_RED1	Colors	DInt	151	
BLACK2_RED2	Colors	DInt	152	
FLASH_BLACK0_YELLOW0	Colors	DInt	153	
FLASH_BLACK0_YELLOW1	Colors	DInt	154	
FLASH_BLACK0_YELLOW2	Colors	DInt	155	
FLASH_BLACK1_YELLOW0	Colors	DInt	156	
FLASH_BLACK1_YELLOW1	Colors	DInt	157	
FLASH_BLACK1_YELLOW2	Colors	DInt	158	
FLASH_BLACK2_YELLOW0	Colors	DInt	159	
FLASH_BLACK2_YELLOW1	Colors	DInt	160	
FLASH_BLACK2_YELLOW2	Colors	DInt	161	
BLACK0_YELLOW0	Colors	DInt	162	
BLACK0_YELLOW1	Colors	DInt	163	
BLACK0_YELLOW2	Colors	DInt	164	
BLACK1_YELLOW0	Colors	DInt	165	
BLACK1_YELLOW1	Colors	DInt	166	
BLACK1_YELLOW2	Colors	DInt	167	
BLACK2_YELLOW0	Colors	DInt	168	
BLACK2_YELLOW1	Colors	DInt	169	
BLACK2_YELLOW2	Colors	DInt	170	
FLASH_BLACK0_GREEN0	Colors	DInt	171	
FLASH_BLACK0_GREEN1	Colors	DInt	172	
FLASH_BLACK0_GREEN2	Colors	DInt	173	
FLASH_BLACK1_GREEN0	Colors	DInt	174	
FLASH_BLACK1_GREEN1	Colors	DInt	175	
FLASH_BLACK1_GREEN2	Colors	DInt	176	
FLASH_BLACK2_GREEN0	Colors	DInt	177	
FLASH_BLACK2_GREEN1	Colors	DInt	178	
FLASH_BLACK2_GREEN2	Colors	DInt	179	
BLACK0_GREEN0	Colors	DInt	180	
BLACK0_GREEN1	Colors	DInt	181	
BLACK0_GREEN2	Colors	DInt	182	
BLACK1_GREEN0	Colors	DInt	183	
BLACK1_GREEN1	Colors	DInt	184	
BLACK1_GREEN2	Colors	DInt	185	
BLACK2_GREEN0	Colors	DInt	186	
BLACK2_GREEN1	Colors	DInt	187	
BLACK2_GREEN2	Colors	DInt	188	
FLASH_BLACK0_TEAL0	Colors	DInt	189	
FLASH_BLACK0_TEAL1	Colors	DInt	190	
FLASH_BLACK0_TEAL2	Colors	DInt	191	
FLASH_BLACK1_TEAL0	Colors	DInt	192	
FLASH_BLACK1_TEAL1	Colors	DInt	193	
FLASH_BLACK1_TEAL2	Colors	DInt	194	
FLASH_BLACK2_TEAL0	Colors	DInt	195	
FLASH_BLACK2_TEAL1	Colors	DInt	196	
FLASH_BLACK2_TEAL2	Colors	DInt	197	
BLACK0_TEAL0	Colors	DInt	198	
BLACK0_TEAL1	Colors	DInt	199	
BLACK0_TEAL2	Colors	DInt	200	
BLACK1_TEAL0	Colors	DInt	201	
BLACK1_TEAL1	Colors	DInt	202	
BLACK1_TEAL2	Colors	DInt	203	
BLACK2_TEAL0	Colors	DInt	204	
BLACK2_TEAL1	Colors	DInt	205	
BLACK2_TEAL2	Colors	DInt	206	
FLASH_BLACK0_BLUE0	Colors	DInt	207	
FLASH_BLACK0_BLUE1	Colors	DInt	208	
FLASH_BLACK0_BLUE2	Colors	DInt	209	
FLASH_BLACK1_BLUE0	Colors	DInt	210	
FLASH_BLACK1_BLUE1	Colors	DInt	211	
FLASH_BLACK1_BLUE2	Colors	DInt	212	
FLASH_BLACK2_BLUE0	Colors	DInt	213	
FLASH_BLACK2_BLUE1	Colors	DInt	214	
FLASH_BLACK2_BLUE2	Colors	DInt	215	
BLACK0_BLUE0	Colors	DInt	216	
BLACK0_BLUE1	Colors	DInt	217	
BLACK0_BLUE2	Colors	DInt	218	
BLACK1_BLUE0	Colors	DInt	219	
BLACK1_BLUE1	Colors	DInt	220	
BLACK1_BLUE2	Colors	DInt	221	
BLACK2_BLUE0	Colors	DInt	222	
BLACK2_BLUE1	Colors	DInt	223	
BLACK2_BLUE2	Colors	DInt	224	
FLASH_BLACK0_PURPLE0	Colors	DInt	225	
FLASH_BLACK0_PURPLE1	Colors	DInt	226	
FLASH_BLACK0_PURPLE2	Colors	DInt	227	
FLASH_BLACK1_PURPLE0	Colors	DInt	228	
FLASH_BLACK1_PURPLE1	Colors	DInt	229	
FLASH_BLACK1_PURPLE2	Colors	DInt	230	
FLASH_BLACK2_PURPLE0	Colors	DInt	231	
FLASH_BLACK2_PURPLE1	Colors	DInt	232	
FLASH_BLACK2_PURPLE2	Colors	DInt	233	
BLACK0_PURPLE0	Colors	DInt	234	
BLACK0_PURPLE1	Colors	DInt	235	
BLACK0_PURPLE2	Colors	DInt	236	
BLACK1_PURPLE0	Colors	DInt	237	
BLACK1_PURPLE1	Colors	DInt	238	
BLACK1_PURPLE2	Colors	DInt	239	
BLACK2_PURPLE0	Colors	DInt	240	
BLACK2_PURPLE1	Colors	DInt	241	
BLACK2_PURPLE2	Colors	DInt	242	
RED0_WHITE0	Colors	DInt	243	
RED0_WHITE1	Colors	DInt	244	
RED0_WHITE2	Colors	DInt	245	
RED1_WHITE0	Colors	DInt	246	
RED1_WHITE1	Colors	DInt	247	
RED1_WHITE2	Colors	DInt	248	
RED2_WHITE0	Colors	DInt	249	
RED2_WHITE1	Colors	DInt	250	
RED2_WHITE2	Colors	DInt	251	
RED0_BLACK0	Colors	DInt	252	
RED0_BLACK1	Colors	DInt	253	
RED0_BLACK2	Colors	DInt	254	
RED1_BLACK0	Colors	DInt	255	
RED1_BLACK1	Colors	DInt	256	
RED1_BLACK2	Colors	DInt	257	
RED2_BLACK0	Colors	DInt	258	
RED2_BLACK1	Colors	DInt	259	
RED2_BLACK2	Colors	DInt	260	
FLASH_RED0_YELLOW0	Colors	DInt	261	
FLASH_RED0_YELLOW1	Colors	DInt	262	
FLASH_RED0_YELLOW2	Colors	DInt	263	
FLASH_RED1_YELLOW0	Colors	DInt	264	
FLASH_RED1_YELLOW1	Colors	DInt	265	
FLASH_RED1_YELLOW2	Colors	DInt	266	
FLASH_RED2_YELLOW0	Colors	DInt	267	
FLASH_RED2_YELLOW1	Colors	DInt	268	
FLASH_RED2_YELLOW2	Colors	DInt	269	
RED0_YELLOW0	Colors	DInt	270	
RED0_YELLOW1	Colors	DInt	271	
RED0_YELLOW2	Colors	DInt	272	
RED1_YELLOW0	Colors	DInt	273	
RED1_YELLOW1	Colors	DInt	274	
RED1_YELLOW2	Colors	DInt	275	
RED2_YELLOW0	Colors	DInt	276	
RED2_YELLOW1	Colors	DInt	277	
RED2_YELLOW2	Colors	DInt	278	
FLASH_RED0_GREEN0	Colors	DInt	279	
FLASH_RED0_GREEN1	Colors	DInt	280	
FLASH_RED0_GREEN2	Colors	DInt	281	
FLASH_RED1_GREEN0	Colors	DInt	282	
FLASH_RED1_GREEN1	Colors	DInt	283	
FLASH_RED1_GREEN2	Colors	DInt	284	
FLASH_RED2_GREEN0	Colors	DInt	285	
FLASH_RED2_GREEN1	Colors	DInt	286	
FLASH_RED2_GREEN2	Colors	DInt	287	
RED0_GREEN0	Colors	DInt	288	
RED0_GREEN1	Colors	DInt	289	
RED0_GREEN2	Colors	DInt	290	
RED1_GREEN0	Colors	DInt	291	
RED1_GREEN1	Colors	DInt	292	
RED1_GREEN2	Colors	DInt	293	
RED2_GREEN0	Colors	DInt	294	
RED2_GREEN1	Colors	DInt	295	
RED2_GREEN2	Colors	DInt	296	
FLASH_RED0_TEAL0	Colors	DInt	297	
FLASH_RED0_TEAL1	Colors	DInt	298	
FLASH_RED0_TEAL2	Colors	DInt	299	
FLASH_RED1_TEAL0	Colors	DInt	300	
FLASH_RED1_TEAL1	Colors	DInt	301	
FLASH_RED1_TEAL2	Colors	DInt	302	
FLASH_RED2_TEAL0	Colors	DInt	303	
FLASH_RED2_TEAL1	Colors	DInt	304	
FLASH_RED2_TEAL2	Colors	DInt	305	
RED0_TEAL0	Colors	DInt	306	
RED0_TEAL1	Colors	DInt	307	
RED0_TEAL2	Colors	DInt	308	
RED1_TEAL0	Colors	DInt	309	
RED1_TEAL1	Colors	DInt	310	
RED1_TEAL2	Colors	DInt	311	
RED2_TEAL0	Colors	DInt	312	
RED2_TEAL1	Colors	DInt	313	
RED2_TEAL2	Colors	DInt	314	
FLASH_RED0_BLUE0	Colors	DInt	315	
FLASH_RED0_BLUE1	Colors	DInt	316	
FLASH_RED0_BLUE2	Colors	DInt	317	
FLASH_RED1_BLUE0	Colors	DInt	318	
FLASH_RED1_BLUE1	Colors	DInt	319	
FLASH_RED1_BLUE2	Colors	DInt	320	
FLASH_RED2_BLUE0	Colors	DInt	321	
FLASH_RED2_BLUE1	Colors	DInt	322	
FLASH_RED2_BLUE2	Colors	DInt	323	
RED0_BLUE0	Colors	DInt	324	
RED0_BLUE1	Colors	DInt	325	
RED0_BLUE2	Colors	DInt	326	
RED1_BLUE0	Colors	DInt	327	
RED1_BLUE1	Colors	DInt	328	
RED1_BLUE2	Colors	DInt	329	
RED2_BLUE0	Colors	DInt	330	
RED2_BLUE1	Colors	DInt	331	
RED2_BLUE2	Colors	DInt	332	
FLASH_RED0_PURPLE0	Colors	DInt	333	
FLASH_RED0_PURPLE1	Colors	DInt	334	
FLASH_RED0_PURPLE2	Colors	DInt	335	
FLASH_RED1_PURPLE0	Colors	DInt	336	
FLASH_RED1_PURPLE1	Colors	DInt	337	
FLASH_RED1_PURPLE2	Colors	DInt	338	
FLASH_RED2_PURPLE0	Colors	DInt	339	
FLASH_RED2_PURPLE1	Colors	DInt	340	
FLASH_RED2_PURPLE2	Colors	DInt	341	
RED0_PURPLE0	Colors	DInt	342	
RED0_PURPLE1	Colors	DInt	343	
RED0_PURPLE2	Colors	DInt	344	
RED1_PURPLE0	Colors	DInt	345	
RED1_PURPLE1	Colors	DInt	346	
RED1_PURPLE2	Colors	DInt	347	
RED2_PURPLE0	Colors	DInt	348	
RED2_PURPLE1	Colors	DInt	349	
RED2_PURPLE2	Colors	DInt	350	
YELLOW0_WHITE0	Colors	DInt	351	
YELLOW0_WHITE1	Colors	DInt	352	
YELLOW0_WHITE2	Colors	DInt	353	
YELLOW1_WHITE0	Colors	DInt	354	
YELLOW1_WHITE1	Colors	DInt	355	
YELLOW1_WHITE2	Colors	DInt	356	
YELLOW2_WHITE0	Colors	DInt	357	
YELLOW2_WHITE1	Colors	DInt	358	
YELLOW2_WHITE2	Colors	DInt	359	
YELLOW0_BLACK0	Colors	DInt	360	
YELLOW0_BLACK1	Colors	DInt	361	
YELLOW0_BLACK2	Colors	DInt	362	
YELLOW1_BLACK0	Colors	DInt	363	
YELLOW1_BLACK1	Colors	DInt	364	
YELLOW1_BLACK2	Colors	DInt	365	
YELLOW2_BLACK0	Colors	DInt	366	
YELLOW2_BLACK1	Colors	DInt	367	
YELLOW2_BLACK2	Colors	DInt	368	
YELLOW0_RED0	Colors	DInt	369	
YELLOW0_RED1	Colors	DInt	370	
YELLOW0_RED2	Colors	DInt	371	
YELLOW1_RED0	Colors	DInt	372	
YELLOW1_RED1	Colors	DInt	373	
YELLOW1_RED2	Colors	DInt	374	
YELLOW2_RED0	Colors	DInt	375	
YELLOW2_RED1	Colors	DInt	376	
YELLOW2_RED2	Colors	DInt	377	
FLASH_YELLOW0_GREEN0	Colors	DInt	378	
FLASH_YELLOW0_GREEN1	Colors	DInt	379	
FLASH_YELLOW0_GREEN2	Colors	DInt	380	
FLASH_YELLOW1_GREEN0	Colors	DInt	381	
FLASH_YELLOW1_GREEN1	Colors	DInt	382	
FLASH_YELLOW1_GREEN2	Colors	DInt	383	
FLASH_YELLOW2_GREEN0	Colors	DInt	384	
FLASH_YELLOW2_GREEN1	Colors	DInt	385	
FLASH_YELLOW2_GREEN2	Colors	DInt	386	
YELLOW0_GREEN0	Colors	DInt	387	
YELLOW0_GREEN1	Colors	DInt	388	
YELLOW0_GREEN2	Colors	DInt	389	
YELLOW1_GREEN0	Colors	DInt	390	
YELLOW1_GREEN1	Colors	DInt	391	
YELLOW1_GREEN2	Colors	DInt	392	
YELLOW2_GREEN0	Colors	DInt	393	
YELLOW2_GREEN1	Colors	DInt	394	
YELLOW2_GREEN2	Colors	DInt	395	
FLASH_YELLOW0_TEAL0	Colors	DInt	396	
FLASH_YELLOW0_TEAL1	Colors	DInt	397	
FLASH_YELLOW0_TEAL2	Colors	DInt	398	
FLASH_YELLOW1_TEAL0	Colors	DInt	399	
FLASH_YELLOW1_TEAL1	Colors	DInt	400	
FLASH_YELLOW1_TEAL2	Colors	DInt	401	
FLASH_YELLOW2_TEAL0	Colors	DInt	402	
FLASH_YELLOW2_TEAL1	Colors	DInt	403	
FLASH_YELLOW2_TEAL2	Colors	DInt	404	
YELLOW0_TEAL0	Colors	DInt	405	
YELLOW0_TEAL1	Colors	DInt	406	
YELLOW0_TEAL2	Colors	DInt	407	
YELLOW1_TEAL0	Colors	DInt	408	
YELLOW1_TEAL1	Colors	DInt	409	
YELLOW1_TEAL2	Colors	DInt	410	
YELLOW2_TEAL0	Colors	DInt	411	
YELLOW2_TEAL1	Colors	DInt	412	
YELLOW2_TEAL2	Colors	DInt	413	
FLASH_YELLOW0_BLUE0	Colors	DInt	414	
FLASH_YELLOW0_BLUE1	Colors	DInt	415	
FLASH_YELLOW0_BLUE2	Colors	DInt	416	
FLASH_YELLOW1_BLUE0	Colors	DInt	417	
FLASH_YELLOW1_BLUE1	Colors	DInt	418	
FLASH_YELLOW1_BLUE2	Colors	DInt	419	
FLASH_YELLOW2_BLUE0	Colors	DInt	420	
FLASH_YELLOW2_BLUE1	Colors	DInt	421	
FLASH_YELLOW2_BLUE2	Colors	DInt	422	
YELLOW0_BLUE0	Colors	DInt	423	
YELLOW0_BLUE1	Colors	DInt	424	
YELLOW0_BLUE2	Colors	DInt	425	
YELLOW1_BLUE0	Colors	DInt	426	
YELLOW1_BLUE1	Colors	DInt	427	
YELLOW1_BLUE2	Colors	DInt	428	
YELLOW2_BLUE0	Colors	DInt	429	
YELLOW2_BLUE1	Colors	DInt	430	
YELLOW2_BLUE2	Colors	DInt	431	
FLASH_YELLOW0_PURPLE0	Colors	DInt	432	
FLASH_YELLOW0_PURPLE1	Colors	DInt	433	
FLASH_YELLOW0_PURPLE2	Colors	DInt	434	
FLASH_YELLOW1_PURPLE0	Colors	DInt	435	
FLASH_YELLOW1_PURPLE1	Colors	DInt	436	
FLASH_YELLOW1_PURPLE2	Colors	DInt	437	
FLASH_YELLOW2_PURPLE0	Colors	DInt	438	
FLASH_YELLOW2_PURPLE1	Colors	DInt	439	
FLASH_YELLOW2_PURPLE2	Colors	DInt	440	
YELLOW0_PURPLE0	Colors	DInt	441	
YELLOW0_PURPLE1	Colors	DInt	442	
YELLOW0_PURPLE2	Colors	DInt	443	
YELLOW1_PURPLE0	Colors	DInt	444	
YELLOW1_PURPLE1	Colors	DInt	445	
YELLOW1_PURPLE2	Colors	DInt	446	
YELLOW2_PURPLE0	Colors	DInt	447	
YELLOW2_PURPLE1	Colors	DInt	448	
YELLOW2_PURPLE2	Colors	DInt	449	
GREEN0_WHITE0	Colors	DInt	450	
GREEN0_WHITE1	Colors	DInt	451	
GREEN0_WHITE2	Colors	DInt	452	
GREEN1_WHITE0	Colors	DInt	453	
GREEN1_WHITE1	Colors	DInt	454	
GREEN1_WHITE2	Colors	DInt	455	
GREEN2_WHITE0	Colors	DInt	456	
GREEN2_WHITE1	Colors	DInt	457	
GREEN2_WHITE2	Colors	DInt	458	
GREEN0_BLACK0	Colors	DInt	459	
GREEN0_BLACK1	Colors	DInt	460	
GREEN0_BLACK2	Colors	DInt	461	
GREEN1_BLACK0	Colors	DInt	462	
GREEN1_BLACK1	Colors	DInt	463	
GREEN1_BLACK2	Colors	DInt	464	
GREEN2_BLACK0	Colors	DInt	465	
GREEN2_BLACK1	Colors	DInt	466	
GREEN2_BLACK2	Colors	DInt	467	
GREEN0_RED0	Colors	DInt	468	
GREEN0_RED1	Colors	DInt	469	
GREEN0_RED2	Colors	DInt	470	
GREEN1_RED0	Colors	DInt	471	
GREEN1_RED1	Colors	DInt	472	
GREEN1_RED2	Colors	DInt	473	
GREEN2_RED0	Colors	DInt	474	
GREEN2_RED1	Colors	DInt	475	
GREEN2_RED2	Colors	DInt	476	
GREEN0_YELLOW0	Colors	DInt	477	
GREEN0_YELLOW1	Colors	DInt	478	
GREEN0_YELLOW2	Colors	DInt	479	
GREEN1_YELLOW0	Colors	DInt	480	
GREEN1_YELLOW1	Colors	DInt	481	
GREEN1_YELLOW2	Colors	DInt	482	
GREEN2_YELLOW0	Colors	DInt	483	
GREEN2_YELLOW1	Colors	DInt	484	
GREEN2_YELLOW2	Colors	DInt	485	
FLASH_GREEN0_TEAL0	Colors	DInt	486	
FLASH_GREEN0_TEAL1	Colors	DInt	487	
FLASH_GREEN0_TEAL2	Colors	DInt	488	
FLASH_GREEN1_TEAL0	Colors	DInt	489	
FLASH_GREEN1_TEAL1	Colors	DInt	490	
FLASH_GREEN1_TEAL2	Colors	DInt	491	
FLASH_GREEN2_TEAL0	Colors	DInt	492	
FLASH_GREEN2_TEAL1	Colors	DInt	493	
FLASH_GREEN2_TEAL2	Colors	DInt	494	
GREEN0_TEAL0	Colors	DInt	495	
GREEN0_TEAL1	Colors	DInt	496	
GREEN0_TEAL2	Colors	DInt	497	
GREEN1_TEAL0	Colors	DInt	498	
GREEN1_TEAL1	Colors	DInt	499	
GREEN1_TEAL2	Colors	DInt	500	
GREEN2_TEAL0	Colors	DInt	501	
GREEN2_TEAL1	Colors	DInt	502	
GREEN2_TEAL2	Colors	DInt	503	
FLASH_GREEN0_BLUE0	Colors	DInt	504	
FLASH_GREEN0_BLUE1	Colors	DInt	505	
FLASH_GREEN0_BLUE2	Colors	DInt	506	
FLASH_GREEN1_BLUE0	Colors	DInt	507	
FLASH_GREEN1_BLUE1	Colors	DInt	508	
FLASH_GREEN1_BLUE2	Colors	DInt	509	
FLASH_GREEN2_BLUE0	Colors	DInt	510	
FLASH_GREEN2_BLUE1	Colors	DInt	511	
FLASH_GREEN2_BLUE2	Colors	DInt	512	
GREEN0_BLUE0	Colors	DInt	513	
GREEN0_BLUE1	Colors	DInt	514	
GREEN0_BLUE2	Colors	DInt	515	
GREEN1_BLUE0	Colors	DInt	516	
GREEN1_BLUE1	Colors	DInt	517	
GREEN1_BLUE2	Colors	DInt	518	
GREEN2_BLUE0	Colors	DInt	519	
GREEN2_BLUE1	Colors	DInt	520	
GREEN2_BLUE2	Colors	DInt	521	
FLASH_GREEN0_PURPLE0	Colors	DInt	522	
FLASH_GREEN0_PURPLE1	Colors	DInt	523	
FLASH_GREEN0_PURPLE2	Colors	DInt	524	
FLASH_GREEN1_PURPLE0	Colors	DInt	525	
FLASH_GREEN1_PURPLE1	Colors	DInt	526	
FLASH_GREEN1_PURPLE2	Colors	DInt	527	
FLASH_GREEN2_PURPLE0	Colors	DInt	528	
FLASH_GREEN2_PURPLE1	Colors	DInt	529	
FLASH_GREEN2_PURPLE2	Colors	DInt	530	
GREEN0_PURPLE0	Colors	DInt	531	
GREEN0_PURPLE1	Colors	DInt	532	
GREEN0_PURPLE2	Colors	DInt	533	
GREEN1_PURPLE0	Colors	DInt	534	
GREEN1_PURPLE1	Colors	DInt	535	
GREEN1_PURPLE2	Colors	DInt	536	
GREEN2_PURPLE0	Colors	DInt	537	
GREEN2_PURPLE1	Colors	DInt	538	
GREEN2_PURPLE2	Colors	DInt	539	
TEAL0_WHITE0	Colors	DInt	540	
TEAL0_WHITE1	Colors	DInt	541	
TEAL0_WHITE2	Colors	DInt	542	
TEAL1_WHITE0	Colors	DInt	543	
TEAL1_WHITE1	Colors	DInt	544	
TEAL1_WHITE2	Colors	DInt	545	
TEAL2_WHITE0	Colors	DInt	546	
TEAL2_WHITE1	Colors	DInt	547	
TEAL2_WHITE2	Colors	DInt	548	
TEAL0_BLACK0	Colors	DInt	549	
TEAL0_BLACK1	Colors	DInt	550	
TEAL0_BLACK2	Colors	DInt	551	
TEAL1_BLACK0	Colors	DInt	552	
TEAL1_BLACK1	Colors	DInt	553	
TEAL1_BLACK2	Colors	DInt	554	
TEAL2_BLACK0	Colors	DInt	555	
TEAL2_BLACK1	Colors	DInt	556	
TEAL2_BLACK2	Colors	DInt	557	
TEAL0_RED0	Colors	DInt	558	
TEAL0_RED1	Colors	DInt	559	
TEAL0_RED2	Colors	DInt	560	
TEAL1_RED0	Colors	DInt	561	
TEAL1_RED1	Colors	DInt	562	
TEAL1_RED2	Colors	DInt	563	
TEAL2_RED0	Colors	DInt	564	
TEAL2_RED1	Colors	DInt	565	
TEAL2_RED2	Colors	DInt	566	
TEAL0_YELLOW0	Colors	DInt	567	
TEAL0_YELLOW1	Colors	DInt	568	
TEAL0_YELLOW2	Colors	DInt	569	
TEAL1_YELLOW0	Colors	DInt	570	
TEAL1_YELLOW1	Colors	DInt	571	
TEAL1_YELLOW2	Colors	DInt	572	
TEAL2_YELLOW0	Colors	DInt	573	
TEAL2_YELLOW1	Colors	DInt	574	
TEAL2_YELLOW2	Colors	DInt	575	
TEAL0_GREEN0	Colors	DInt	576	
TEAL0_GREEN1	Colors	DInt	577	
TEAL0_GREEN2	Colors	DInt	578	
TEAL1_GREEN0	Colors	DInt	579	
TEAL1_GREEN1	Colors	DInt	580	
TEAL1_GREEN2	Colors	DInt	581	
TEAL2_GREEN0	Colors	DInt	582	
TEAL2_GREEN1	Colors	DInt	583	
TEAL2_GREEN2	Colors	DInt	584	
FLASH_TEAL0_BLUE0	Colors	DInt	585	
FLASH_TEAL0_BLUE1	Colors	DInt	586	
FLASH_TEAL0_BLUE2	Colors	DInt	587	
FLASH_TEAL1_BLUE0	Colors	DInt	588	
FLASH_TEAL1_BLUE1	Colors	DInt	589	
FLASH_TEAL1_BLUE2	Colors	DInt	590	
FLASH_TEAL2_BLUE0	Colors	DInt	591	
FLASH_TEAL2_BLUE1	Colors	DInt	592	
FLASH_TEAL2_BLUE2	Colors	DInt	593	
TEAL0_BLUE0	Colors	DInt	594	
TEAL0_BLUE1	Colors	DInt	595	
TEAL0_BLUE2	Colors	DInt	596	
TEAL1_BLUE0	Colors	DInt	597	
TEAL1_BLUE1	Colors	DInt	598	
TEAL1_BLUE2	Colors	DInt	599	
TEAL2_BLUE0	Colors	DInt	600	
TEAL2_BLUE1	Colors	DInt	601	
TEAL2_BLUE2	Colors	DInt	602	
FLASH_TEAL0_PURPLE0	Colors	DInt	603	
FLASH_TEAL0_PURPLE1	Colors	DInt	604	
FLASH_TEAL0_PURPLE2	Colors	DInt	605	
FLASH_TEAL1_PURPLE0	Colors	DInt	606	
FLASH_TEAL1_PURPLE1	Colors	DInt	607	
FLASH_TEAL1_PURPLE2	Colors	DInt	608	
FLASH_TEAL2_PURPLE0	Colors	DInt	609	
FLASH_TEAL2_PURPLE1	Colors	DInt	610	
FLASH_TEAL2_PURPLE2	Colors	DInt	611	
TEAL0_PURPLE0	Colors	DInt	612	
TEAL0_PURPLE1	Colors	DInt	613	
TEAL0_PURPLE2	Colors	DInt	614	
TEAL1_PURPLE0	Colors	DInt	615	
TEAL1_PURPLE1	Colors	DInt	616	
TEAL1_PURPLE2	Colors	DInt	617	
TEAL2_PURPLE0	Colors	DInt	618	
TEAL2_PURPLE1	Colors	DInt	619	
TEAL2_PURPLE2	Colors	DInt	620	
BLUE0_WHITE0	Colors	DInt	621	
BLUE0_WHITE1	Colors	DInt	622	
BLUE0_WHITE2	Colors	DInt	623	
BLUE1_WHITE0	Colors	DInt	624	
BLUE1_WHITE1	Colors	DInt	625	
BLUE1_WHITE2	Colors	DInt	626	
BLUE2_WHITE0	Colors	DInt	627	
BLUE2_WHITE1	Colors	DInt	628	
BLUE2_WHITE2	Colors	DInt	629	
BLUE0_BLACK0	Colors	DInt	630	
BLUE0_BLACK1	Colors	DInt	631	
BLUE0_BLACK2	Colors	DInt	632	
BLUE1_BLACK0	Colors	DInt	633	
BLUE1_BLACK1	Colors	DInt	634	
BLUE1_BLACK2	Colors	DInt	635	
BLUE2_BLACK0	Colors	DInt	636	
BLUE2_BLACK1	Colors	DInt	637	
BLUE2_BLACK2	Colors	DInt	638	
BLUE0_RED0	Colors	DInt	639	
BLUE0_RED1	Colors	DInt	640	
BLUE0_RED2	Colors	DInt	641	
BLUE1_RED0	Colors	DInt	642	
BLUE1_RED1	Colors	DInt	643	
BLUE1_RED2	Colors	DInt	644	
BLUE2_RED0	Colors	DInt	645	
BLUE2_RED1	Colors	DInt	646	
BLUE2_RED2	Colors	DInt	647	
BLUE0_YELLOW0	Colors	DInt	648	
BLUE0_YELLOW1	Colors	DInt	649	
BLUE0_YELLOW2	Colors	DInt	650	
BLUE1_YELLOW0	Colors	DInt	651	
BLUE1_YELLOW1	Colors	DInt	652	
BLUE1_YELLOW2	Colors	DInt	653	
BLUE2_YELLOW0	Colors	DInt	654	
BLUE2_YELLOW1	Colors	DInt	655	
BLUE2_YELLOW2	Colors	DInt	656	
BLUE0_GREEN0	Colors	DInt	657	
BLUE0_GREEN1	Colors	DInt	658	
BLUE0_GREEN2	Colors	DInt	659	
BLUE1_GREEN0	Colors	DInt	660	
BLUE1_GREEN1	Colors	DInt	661	
BLUE1_GREEN2	Colors	DInt	662	
BLUE2_GREEN0	Colors	DInt	663	
BLUE2_GREEN1	Colors	DInt	664	
BLUE2_GREEN2	Colors	DInt	665	
BLUE0_TEAL0	Colors	DInt	666	
BLUE0_TEAL1	Colors	DInt	667	
BLUE0_TEAL2	Colors	DInt	668	
BLUE1_TEAL0	Colors	DInt	669	
BLUE1_TEAL1	Colors	DInt	670	
BLUE1_TEAL2	Colors	DInt	671	
BLUE2_TEAL0	Colors	DInt	672	
BLUE2_TEAL1	Colors	DInt	673	
BLUE2_TEAL2	Colors	DInt	674	
FLASH_BLUE0_PURPLE0	Colors	DInt	675	
FLASH_BLUE0_PURPLE1	Colors	DInt	676	
FLASH_BLUE0_PURPLE2	Colors	DInt	677	
FLASH_BLUE1_PURPLE0	Colors	DInt	678	
FLASH_BLUE1_PURPLE1	Colors	DInt	679	
FLASH_BLUE1_PURPLE2	Colors	DInt	680	
FLASH_BLUE2_PURPLE0	Colors	DInt	681	
FLASH_BLUE2_PURPLE1	Colors	DInt	682	
FLASH_BLUE2_PURPLE2	Colors	DInt	683	
BLUE0_PURPLE0	Colors	DInt	684	
BLUE0_PURPLE1	Colors	DInt	685	
BLUE0_PURPLE2	Colors	DInt	686	
BLUE1_PURPLE0	Colors	DInt	687	
BLUE1_PURPLE1	Colors	DInt	688	
BLUE1_PURPLE2	Colors	DInt	689	
BLUE2_PURPLE0	Colors	DInt	690	
BLUE2_PURPLE1	Colors	DInt	691	
BLUE2_PURPLE2	Colors	DInt	692	
PURPLE0_WHITE0	Colors	DInt	693	
PURPLE0_WHITE1	Colors	DInt	694	
PURPLE0_WHITE2	Colors	DInt	695	
PURPLE1_WHITE0	Colors	DInt	696	
PURPLE1_WHITE1	Colors	DInt	697	
PURPLE1_WHITE2	Colors	DInt	698	
PURPLE2_WHITE0	Colors	DInt	699	
PURPLE2_WHITE1	Colors	DInt	700	
PURPLE2_WHITE2	Colors	DInt	701	
PURPLE0_BLACK0	Colors	DInt	702	
PURPLE0_BLACK1	Colors	DInt	703	
PURPLE0_BLACK2	Colors	DInt	704	
PURPLE1_BLACK0	Colors	DInt	705	
PURPLE1_BLACK1	Colors	DInt	706	
PURPLE1_BLACK2	Colors	DInt	707	
PURPLE2_BLACK0	Colors	DInt	708	
PURPLE2_BLACK1	Colors	DInt	709	
PURPLE2_BLACK2	Colors	DInt	710	
PURPLE0_RED0	Colors	DInt	711	
PURPLE0_RED1	Colors	DInt	712	
PURPLE0_RED2	Colors	DInt	713	
PURPLE1_RED0	Colors	DInt	714	
PURPLE1_RED1	Colors	DInt	715	
PURPLE1_RED2	Colors	DInt	716	
PURPLE2_RED0	Colors	DInt	717	
PURPLE2_RED1	Colors	DInt	718	
PURPLE2_RED2	Colors	DInt	719	
PURPLE0_YELLOW0	Colors	DInt	720	
PURPLE0_YELLOW1	Colors	DInt	721	
PURPLE0_YELLOW2	Colors	DInt	722	
PURPLE1_YELLOW0	Colors	DInt	723	
PURPLE1_YELLOW1	Colors	DInt	724	
PURPLE1_YELLOW2	Colors	DInt	725	
PURPLE2_YELLOW0	Colors	DInt	726	
PURPLE2_YELLOW1	Colors	DInt	727	
PURPLE2_YELLOW2	Colors	DInt	728	
PURPLE0_GREEN0	Colors	DInt	729	
PURPLE0_GREEN1	Colors	DInt	730	
PURPLE0_GREEN2	Colors	DInt	731	
PURPLE1_GREEN0	Colors	DInt	732	
PURPLE1_GREEN1	Colors	DInt	733	
PURPLE1_GREEN2	Colors	DInt	734	
PURPLE2_GREEN0	Colors	DInt	735	
PURPLE2_GREEN1	Colors	DInt	736	
PURPLE2_GREEN2	Colors	DInt	737	
PURPLE0_TEAL0	Colors	DInt	738	
PURPLE0_TEAL1	Colors	DInt	739	
PURPLE0_TEAL2	Colors	DInt	740	
PURPLE1_TEAL0	Colors	DInt	741	
PURPLE1_TEAL1	Colors	DInt	742	
PURPLE1_TEAL2	Colors	DInt	743	
PURPLE2_TEAL0	Colors	DInt	744	
PURPLE2_TEAL1	Colors	DInt	745	
PURPLE2_TEAL2	Colors	DInt	746	
PURPLE0_BLUE0	Colors	DInt	747	
PURPLE0_BLUE1	Colors	DInt	748	
PURPLE0_BLUE2	Colors	DInt	749	
PURPLE1_BLUE0	Colors	DInt	750	
PURPLE1_BLUE1	Colors	DInt	751	
PURPLE1_BLUE2	Colors	DInt	752	
PURPLE2_BLUE0	Colors	DInt	753	
PURPLE2_BLUE1	Colors	DInt	754	
PURPLE2_BLUE2	Colors	DInt	755	
